-- phpMyAdmin SQL Dump
-- version 4.5.1
-- http://www.phpmyadmin.net
--
-- Host: 127.0.0.1
-- Generation Time: Mar 28, 2016 at 10:57 AM
-- Server version: 10.1.9-MariaDB
-- PHP Version: 5.6.15

SET SQL_MODE = "NO_AUTO_VALUE_ON_ZERO";
SET time_zone = "+00:00";


/*!40101 SET @OLD_CHARACTER_SET_CLIENT=@@CHARACTER_SET_CLIENT */;
/*!40101 SET @OLD_CHARACTER_SET_RESULTS=@@CHARACTER_SET_RESULTS */;
/*!40101 SET @OLD_COLLATION_CONNECTION=@@COLLATION_CONNECTION */;
/*!40101 SET NAMES utf8mb4 */;

--
-- Database: `matchan`
--

-- --------------------------------------------------------

--
-- Table structure for table `cafe`
--

CREATE TABLE `cafe` (
  `cid` int(11) NOT NULL,
  `cname` varchar(45) DEFAULT NULL,
  `cprice` varchar(45) DEFAULT NULL,
  `cparking` tinyint(1) DEFAULT NULL,
  `ccredit` tinyint(1) DEFAULT NULL,
  `cgroup` tinyint(1) DEFAULT NULL,
  `ccake` tinyint(1) NOT NULL,
  `cicecream` tinyint(1) NOT NULL,
  `chotdrink` tinyint(1) NOT NULL,
  `ccolddrink` tinyint(1) NOT NULL,
  `cfruit` tinyint(1) NOT NULL,
  `cother` int(11) NOT NULL,
  `chour` text,
  `carea` varchar(45) DEFAULT NULL,
  `caddress` text,
  `ctel` varchar(20) DEFAULT NULL,
  `clat` double DEFAULT NULL,
  `clong` double DEFAULT NULL,
  `cimg` text NOT NULL
) ENGINE=InnoDB DEFAULT CHARSET=utf8;

--
-- Dumping data for table `cafe`
--

INSERT INTO `cafe` (`cid`, `cname`, `cprice`, `cparking`, `ccredit`, `cgroup`, `ccake`, `cicecream`, `chotdrink`, `ccolddrink`, `cfruit`, `cother`, `chour`, `carea`, `caddress`, `ctel`, `clat`, `clong`, `cimg`) VALUES
(1, 'Pancake Cafe', '100-250', 0, 0, 0, 0, 1, 0, 0, 0, 1, '10:00-22:00', 'Siam', 'ถ.พระราม 1 แขวงปทุมวัน เขตปทุมวัน กรุงเทพมหานคร 10330 (Siam Paragon โซน Sweet Avenue ชั้น G) ปทุมวัน , ปทุมวัน , กรุงเทพมหานคร 10330 ', '0827964557', 13.746597, 100.535303, '1_pancake cafe'),
(2, 'Seobiggo', '100-250', 0, 0, 0, 0, 1, 0, 0, 0, 1, '10:00-22:00', 'Siam', 'พระรามที่ 1 (ชั้นสองตึกตรงข้าม after u siam square one) ปทุมวัน , ปทุมวัน , กรุงเทพมหานคร 10330', '0957124872', 13.744354, 100.533681, '2_seobinggo'),
(3, 'Jaiyen Cafe', 'less than 100', 0, 0, 0, 0, 1, 0, 0, 0, 1, '12:00-20:30', 'Sukhumvit', '27/1 ซอยสุขุมวิท 33 (ซอยพร้อมจิตร) ถนนสุขุมวิท คลองเตยเหนือ , วัฒนา , กรุงเทพมหานคร 10110', '0982516485', 13.7376859, 100.5675159, '3_jaiyen cafe'),
(4, 'White Day Patsseries', '100-250', 0, 0, 0, 0, 1, 0, 0, 0, 1, '11:00-22:00', 'Ratchapruek', 'ถนนราชพฤกษ์ (The Circle Ratchapruek) บางระมาด , ตลิ่งชัน , กรุงเทพมหานคร 10170', '028638689', 13.767261, 100.442472, '4_white day patsseries'),
(5, 'Simple Day Cafe', '100-250', 0, 0, 0, 0, 1, 0, 0, 0, 1, '14:00-21:00', 'Ratchapruek', 'ซอย ราชพฤกษ์ 18 (อยู่ใน The Bloc) บางระมาด , ตลิ่งชัน , กรุงเทพมหานคร 10170', '0853706367', 13.768312, 100.444921, '5_simple day cafe'),
(6, 'Secret Garden', '100-250', 0, 0, 0, 0, 1, 0, 0, 0, 1, '11:00-22:00', 'Sathorn', 'สวนพลู (จากแยกสาทรตัดกับพระราม 4 วิ่งมุ่งหน้ามาทาง ถ.นราธิวาส เลยสามแยกที่เลี้ยวขวาไปคอนแวนต์ ประมาณ 10 เมตร ก็เจอร้านอยู่ฝั่งซ้ายมือเลย) สีลม , บางรัก , กรุงเทพมหานคร 10120', '022862464', 13.722613, 100.535267, '6_secret garden'),
(7, 'Bang Waan', '100-250', 0, 0, 0, 0, 1, 0, 0, 0, 1, '11:00-21:00', 'Nonthaburi', '99/127 หมู่ 5 ถนนสนามบินน้ำ (ตรงสามแยกถนนสนามบินน้ำตัดกับถนนเลี่ยงเมือง) บางกระสอ , เมืองนนทบุรี , นนทบุรี 11000 ', '029669912', 13.880768, 100.496698, '7_bang waan'),
(8, 'Cookie Crust', '250-500', 0, 0, 0, 0, 1, 0, 0, 0, 1, '10:00-22:00', 'Rama9', 'ชั้น 6 เซ็นทรัล พระราม 9 ถนนรัชดาภิเษก (Central Grand Rama 9, floor 6) บางกะปิ , ห้วยขวาง , กรุงเทพมหานคร 10400', '029769449', 13.758219, 100.566208, '8_cookies crust'),
(9, 'Melt Me', '100-250', 0, 0, 0, 0, 1, 0, 0, 0, 1, '11:00-02:30', 'Thonglor', 'ทองหล่อ 10 (ARENA 10 หน้า Funky Villa) วัฒนา , กรุงเทพมหานคร 10110', '023924855', 13.731687, 100.5847, '9_melt me'),
(10, 'Size S Coffee and Bakery', 'less than 100', 1, 0, 0, 0, 1, 1, 1, 0, 0, 'Mon-Sat 07:30-18:00', 'Sathorn', 'ซอยงามดูพลี (ใกล้ร้านเกี๊ยวจีน) ทุ่งมหาเมฆ , สาทร , กรุงเทพมหานคร 10120', '022866117', 13.723832, 100.548115, '10_size s coffe and bakery'),
(11, 'Nikko Cafe', '250-500', 1, 1, 1, 0, 1, 1, 1, 0, 1, '10:00-00:00', 'Eakkamai', 'ซอย เจริญใจ เอกมัย 12 (เอกมัย 12 ฝั่งตรงข้ามกับร้าน 24 Owl) คลองเตยเหนือ , วัฒนา , กรุงเทพมหานคร 10110 ', '023815291', 13.729917, 100.590111, '11_nikko cafe'),
(12, 'Roots Coffee Roaster', '100-250', 1, 0, 0, 0, 1, 1, 1, 0, 0, '12:00-18:00', 'Eakkamai', 'สุขุมวิทซอย 63, ระหว่างเอกมัยซอย 15 และ 17 (ใกล้ BTS Ekamai) คลองตันเหนือ , วัฒนา , กรุงเทพมหานคร 10110', '0881905950', 13.7349696, 100.5876882, '12_roots coffee roaster'),
(13, 'Little Spoon', '100-250', 1, 0, 1, 1, 0, 1, 1, 1, 1, '10:00-21:00', 'Sukhumvit', 'สุขุมวิท 21 (อยู่ชั้น 2 ของร้านขายโคมไฟ ปากซอยอโศก 3 (สุขุมวิท 21 ซอย 3)) คลองตันเหนือ , วัฒนา , กรุงเทพมหานคร 10110', '0879839001', 13.742432, 100.56185, '13_little spoon'),
(14, '(Un) Fashion Cafe', '100-250', 1, 0, 1, 1, 0, 1, 1, 1, 0, '12:00-21:00', 'Eakkamai', 'สุขุมวิท 63 (ปากซอยเอกมัยซอย 10 อยู่ในเวิ้ง Ekamai Shopping Mall) คลองตันเหนือ , วัฒนา , กรุงเทพมหานคร 10110', '027269592', 13.729396, 100.586096, '14_(un)fashion cafe'),
(15, 'iBerry Cafe', '100-250', 1, 0, 1, 1, 0, 0, 1, 1, 0, '11:00-22:00', 'Siam', 'Siam Paragon, 991 ถนนพระราม 1 (ชั้น G ตรงข้าม swensen''s) ปทุมวัน , ปทุมวัน , กรุงเทพมหานคร 10330', '026107549', 13.745981, 100.53489, '15_iberry cafe'),
(16, 'Porcupire', '100-250', 0, 0, 0, 1, 0, 1, 1, 1, 1, '10:00-22:00', 'Sukhumvit', 'ถนน พหลโยธิน 7 (ร้านอยู่ในซอยอารีย์ ตรงข้ามร้านอารี อยู่ฝั่งเดียวกับร้าน Salt) สามเสนใน , พญาไท , กรุงเทพมหานคร 10400', '0868999210', 13.782638, 100.542642, '16_porcupire'),
(17, 'Hungry Bear', '100-250', 1, 0, 1, 1, 0, 1, 1, 1, 0, '10:00-22:00', 'Ladprao', '1693 อาคาร เซ็นทรัลลาดพร้าว ชั้น 4 (เซ็นทรัลลาดพร้าวชั้น 4 ด้านหลัง mister donut) ลาดยาว , จตุจักร , กรุงเทพมหานคร 10900', '0891344466', 13.8164857, 100.5611051, '17_hungry bear'),
(18, 'One Ounce for Onion', '100-250', 0, 0, 0, 1, 0, 1, 1, 1, 1, '09:00-20:00', 'Eakkamai', '19/12 ซอยเอกมัย 12 ถนนสุขุมวิท (เอกมัย 12) คลองตันเหนือ , วัฒนา , กรุงเทพมหานคร 10110', '0863883303', 13.7308944, 100.5896848, '18_one ounce for onion'),
(19, 'Cupcake Love', 'less than 100', 1, 0, 1, 1, 0, 0, 1, 0, 0, '10:00-22:00', 'Siam', 'ถ.พระราม 1 (ห้างสรรพสินค้าเซ็นทรัลเวิลด์ ชั้น 7 โซน Beacon) ปทุมวัน , ปทุมวัน , กรุงเทพมหานคร 10330', '026131233', 13.7467704, 100.5398193, '19_cupcake love'),
(20, 'Hello Kitty', '250-500', 0, 1, 1, 1, 0, 1, 1, 1, 1, '10:00-22:00', 'Siam', '1 Floor, Siam Square One (ถนนพระราม 1) ปทุมวัน , ปทุมวัน , กรุงเทพมหานคร 10330', '021151335', 13.744983, 100.533918, '20_hello kitty'),
(21, 'Think Cafe', '100-250', 1, 1, 1, 1, 0, 1, 1, 1, 1, '10:00-22:00', 'Ratchapruek', 'ถ.ราชพฤกษ์ (อยู่ถนนราชพฤกษ์ ในโครงการ THE BLOC มีตู้คอนเทนเนอร์สีเขียวตั้งอยู่ด้านหน้า ร้าน TH!NK cafe เป็นตู้คอนเทนเนอร์สีขาวด้านใน มีทั้งหมด 4 ตู้) บางระมาด , ตลิ่งชัน , กรุงเทพมหานคร 10170', '0853575315', 13.768577, 100.444471, '21_think cafe'),
(22, 'Misster Cafe by Davika', '250-500', 1, 0, 1, 1, 0, 1, 1, 1, 1, '10:00-19:00', 'Sukapiban', 'ถนนสุขาภิบาล ๕ (ร้านอยู่เส้นสุขาภิบาล 5 ซอยเล็กๆตรงข้าม Big C) ออเงิน , สายไหม , กรุงเทพมหานคร 10220 ', NULL, 13.889081, 100.656838, '22_misster cafe by davika'),
(23, 'After You Dessert', '100-250', 1, 1, 1, 1, 0, 1, 1, 1, 0, '10:00-22:30', 'Siam', 'พระราม 1 (ชั้น G สยามพารากอน) ปทุมวัน , ปทุมวัน , กรุงเทพมหานคร 10330', '026107659', 13.746249, 100.534498, '23_after you dessert'),
(24, 'Farm Design', '100-250', 1, 0, 1, 1, 0, 1, 1, 0, 0, '10:00-22:00', 'Rama9', 'ถนนรัชดาภิเษก (ติดกับทางเข้าห้างเซ็นทรัลพลาซาแกรนด์พระราม 9 ชั้น 1) บางกะปิ , ห้วยขวาง , กรุงเทพมหานคร 10310', '021083181', 13.7582286, 100.5662176, '24_farm design'),
(25, 'Cheesecake house', '250-500', 1, 1, 1, 1, 0, 1, 1, 1, 1, '09:00-21:30', 'Thonglor', '69/2 ซอยทองหล่อ 20 (แจ่มจันทร์) ถนนสุขุมวิท (ซอยทองหล่อ 20) คลองตันเหนือ , วัฒนา , กรุงเทพมหานคร 10110', '027114149', 13.739308, 100.586813, '25_cheesecake house'),
(26, 'Sfree', '100-250', 1, 0, 1, 1, 0, 0, 1, 1, 0, '10:00-22:00', 'Rama9', 'ถนนรัชดาภิเษก (ชั้น 7 เซ็นทรัล พระราม 9) บางกะปิ , ห้วยขวาง , กรุงเทพมหานคร 10110', '021034599', 13.757706, 100.565779, '26_sfree'),
(27, 'ETC. Cafe', '100-250', 0, 0, 1, 1, 0, 1, 1, 1, 1, '10:30-21:00', 'Rama9', 'พระรามที่ 9 (เข้าซอยพระรามเก้า 49 และเลี้ยวขวาซอยแรก) สวนหลวง , สวนหลวง , กรุงเทพมหานคร 10250 ', '0823604545', 13.742844, 100.632503, '27_etc cafe'),
(28, 'Coffee Bean By Dao	', '250-500', 1, 1, 1, 1, 0, 1, 1, 1, 1, '10:00-22:00', 'Rama1', '991 ถนนพระราม 1 (ชั้น G ใกล้ๆ ร้าน After You) ปทุมวัน , ปทุมวัน , กรุงเทพมหานคร 10330', '026109702', 13.746291, 100.535004, '28_coffee bean by dao'),
(29, 'Charlie Brown', '100-250', 1, 0, 1, 1, 0, 1, 1, 1, 1, '10:00-22:00', 'Bangna', 'วงแหวนรอบนอกกรุงเทพมหานครฝั่งใต้ (อยู่โซน IKEA ตรงข้าม iberry) บางพลี , บางพลี , สมุทรปราการ 10540', '021052076', 13.645521, 100.679794, '29_charlie brown'),
(30, 'Amtissimo', '250-500', 1, 0, 1, 1, 0, 1, 1, 1, 1, '09:00-18:00', 'Srinakharin', 'ซอยศรีนครินทร์ 55 ถนนศรีนครินทร์ (ใกล้ paradise park ) หนองบอน , ประเวศ , กรุงเทพมหานคร 10250', '0854829977', 13.6871941, 100.6485203, '30_amatissimo');

-- --------------------------------------------------------

--
-- Table structure for table `categories`
--

CREATE TABLE `categories` (
  `cateid` int(11) NOT NULL,
  `catename` varchar(45) DEFAULT NULL
) ENGINE=InnoDB DEFAULT CHARSET=utf8;

--
-- Dumping data for table `categories`
--

INSERT INTO `categories` (`cateid`, `catename`) VALUES
(1, 'Cake'),
(2, 'Pie'),
(3, 'Custard'),
(4, 'Cookie'),
(5, 'Tart'),
(6, 'Ice cream'),
(7, 'Pancake'),
(8, 'Pastries'),
(9, 'Thai dessert'),
(10, 'Macaron');

-- --------------------------------------------------------

--
-- Table structure for table `ci_sessions`
--

CREATE TABLE `ci_sessions` (
  `id` varchar(40) NOT NULL,
  `ip_address` varchar(45) NOT NULL,
  `timestamp` int(10) UNSIGNED NOT NULL DEFAULT '0',
  `data` blob NOT NULL
) ENGINE=InnoDB DEFAULT CHARSET=utf8;

--
-- Dumping data for table `ci_sessions`
--

INSERT INTO `ci_sessions` (`id`, `ip_address`, `timestamp`, `data`) VALUES
('0c9c0d67c30e38c059f689b392d1e566c8f3c783', '::1', 1458800719, 0x5f5f63695f6c6173745f726567656e65726174657c693a313435383830303431373b666f72636f6d707574657c733a363a22617373657473223b6c6f676765645f696e7c613a323a7b733a333a22756964223b733a333a22313134223b733a383a22757365726e616d65223b733a323a227531223b7d),
('135c0d3b51a91aabc8fa78a99f77475111f12b0a', '::1', 1458785814, 0x5f5f63695f6c6173745f726567656e65726174657c693a313435383738353539383b666f72636f6d707574657c733a363a22617373657473223b),
('150a51d0fd0b9f9e3e4ae13cf37124b10975e7d2', '::1', 1458785598, 0x5f5f63695f6c6173745f726567656e65726174657c693a313435383738353539313b666f72636f6d707574657c733a363a22617373657473223b),
('216e027ea26912182e1c8e3bdfea409319b2aef8', '::1', 1458794791, 0x5f5f63695f6c6173745f726567656e65726174657c693a313435383739343531313b666f72636f6d707574657c733a363a22617373657473223b),
('23c44f0a74b8b40155f593c9313f685971ec08d9', '::1', 1458785598, 0x5f5f63695f6c6173745f726567656e65726174657c693a313435383738353539383b666f72636f6d707574657c733a363a22617373657473223b),
('2c633fda90e08ae1dfc145193d16533fc6720dab', '::1', 1458800088, 0x5f5f63695f6c6173745f726567656e65726174657c693a313435383739393739343b666f72636f6d707574657c733a363a22617373657473223b6c6f676765645f696e7c613a323a7b733a333a22756964223b733a333a22313134223b733a383a22757365726e616d65223b733a323a227531223b7d),
('2ce189102c919ed71220cbaeffa024eb78f157c0', '::1', 1458793802, 0x5f5f63695f6c6173745f726567656e65726174657c693a313435383739333734323b666f72636f6d707574657c733a363a22617373657473223b),
('300bf102656054d072573b54026913e52cea0a7f', '::1', 1458787958, 0x5f5f63695f6c6173745f726567656e65726174657c693a313435383738373935383b666f72636f6d707574657c733a363a22617373657473223b),
('378ac1abefc9a28cb54361c4833d4bfca01599d1', '::1', 1458790230, 0x5f5f63695f6c6173745f726567656e65726174657c693a313435383739303131383b666f72636f6d707574657c733a363a22617373657473223b6c6f676765645f696e7c613a323a7b733a333a22756964223b733a333a22313134223b733a383a22757365726e616d65223b733a323a227531223b7d),
('51a3e8d01344142f835f0fddaa9cd3ddb8d43d3c', '::1', 1458785928, 0x5f5f63695f6c6173745f726567656e65726174657c693a313435383738353932383b666f72636f6d707574657c733a363a22617373657473223b),
('571a590ef08ba9ec6467fc1a225879451c407666', '::1', 1458822948, 0x5f5f63695f6c6173745f726567656e65726174657c693a313435383832323839343b666f72636f6d707574657c733a363a22617373657473223b),
('65333af85a118c2e1504debe1e69b5b70b30b116', '::1', 1458789229, 0x5f5f63695f6c6173745f726567656e65726174657c693a313435383738383932393b666f72636f6d707574657c733a363a22617373657473223b),
('6676511f42b3cc7439009dddd8b971416d9ef5c6', '::1', 1458797955, 0x5f5f63695f6c6173745f726567656e65726174657c693a313435383739373739393b666f72636f6d707574657c733a363a22617373657473223b6c6f676765645f696e7c613a323a7b733a333a22756964223b733a333a22313134223b733a383a22757365726e616d65223b733a323a227531223b7d),
('6cd4c98393cc0bc9fb8f604bc25a4b87418833c6', '::1', 1458791035, 0x5f5f63695f6c6173745f726567656e65726174657c693a313435383739313032303b666f72636f6d707574657c733a363a22617373657473223b6c6f676765645f696e7c613a323a7b733a333a22756964223b733a333a22313134223b733a383a22757365726e616d65223b733a323a227531223b7d),
('6d5b0cb2a894fe79f3779bc4af0669c7ab275c64', '168.120.247.74', 1458787134, 0x5f5f63695f6c6173745f726567656e65726174657c693a313435383738363936323b666f72636f6d707574657c733a363a22617373657473223b6c6f676765645f696e7c613a323a7b733a333a22756964223b733a333a22313239223b733a383a22757365726e616d65223b733a333a22753134223b7d),
('74accf07fed95c7c472c7299fe3468a4510a8ae1', '::1', 1458797791, 0x5f5f63695f6c6173745f726567656e65726174657c693a313435383739373439333b666f72636f6d707574657c733a363a22617373657473223b),
('765290832f0370da95994d3b8fe4fbaf95816f66', '168.120.247.74', 1458788566, 0x5f5f63695f6c6173745f726567656e65726174657c693a313435383738383237313b666f72636f6d707574657c733a363a22617373657473223b6c6f676765645f696e7c613a323a7b733a333a22756964223b693a3133313b733a383a22757365726e616d65223b733a333a22753135223b7d),
('78ae829d489f4c76441c90824f214e37187d132b', '::1', 1458795906, 0x5f5f63695f6c6173745f726567656e65726174657c693a313435383739353930323b666f72636f6d707574657c733a363a22617373657473223b),
('79a6f6513802bce754fe6e4d4150a8d41c72d8c4', '::1', 1458787747, 0x5f5f63695f6c6173745f726567656e65726174657c693a313435383738373536363b666f72636f6d707574657c733a363a22617373657473223b),
('79e7f8cdcacf40dad1e7c6b6806e417afe566269', '::1', 1458787019, 0x5f5f63695f6c6173745f726567656e65726174657c693a313435383738363739343b666f72636f6d707574657c733a363a22617373657473223b6c6f676765645f696e7c613a323a7b733a333a22756964223b733a333a22313134223b733a383a22757365726e616d65223b733a323a227531223b7d),
('7bc6519982bcd67917f16146640e014d2508ebe2', '::1', 1458787408, 0x5f5f63695f6c6173745f726567656e65726174657c693a313435383738373131393b666f72636f6d707574657c733a363a22617373657473223b6c6f676765645f696e7c613a323a7b733a333a22756964223b733a333a22313134223b733a383a22757365726e616d65223b733a323a227531223b7d),
('7ea3c8f46ec57ed7f6f2e75e9d22f4bbc3c52b7b', '168.120.247.74', 1458790199, 0x5f5f63695f6c6173745f726567656e65726174657c693a313435383739303139393b666f72636f6d707574657c733a363a22617373657473223b6c6f676765645f696e7c613a323a7b733a333a22756964223b693a3133313b733a383a22757365726e616d65223b733a333a22753135223b7d),
('7ec2618a0073989e5bf06d2eaf2276095f17618a', '168.120.247.74', 1458788779, 0x5f5f63695f6c6173745f726567656e65726174657c693a313435383738383538363b666f72636f6d707574657c733a363a22617373657473223b6c6f676765645f696e7c613a323a7b733a333a22756964223b693a3133313b733a383a22757365726e616d65223b733a333a22753135223b7d),
('8071739827cc118ac1e38f60d59e80d09b4d9c68', '168.120.247.74', 1458788270, 0x5f5f63695f6c6173745f726567656e65726174657c693a313435383738373937303b666f72636f6d707574657c733a363a22617373657473223b),
('842cb0228b8864c4721af6b28f9228eba75f028c', '::1', 1458786598, 0x5f5f63695f6c6173745f726567656e65726174657c693a313435383738363431303b666f72636f6d707574657c733a363a22617373657473223b6c6f676765645f696e7c613a323a7b733a333a22756964223b733a333a22313134223b733a383a22757365726e616d65223b733a323a227531223b7d),
('87fc4df69f8e5660801f5cc2432f8283dc33b447', '::1', 1458800322, 0x5f5f63695f6c6173745f726567656e65726174657c693a313435383830303039393b666f72636f6d707574657c733a363a22617373657473223b6c6f676765645f696e7c613a323a7b733a333a22756964223b733a333a22313134223b733a383a22757365726e616d65223b733a323a227531223b7d),
('8f7bde1af60124ddb4ae55aa321be28f41700458', '::1', 1458794208, 0x5f5f63695f6c6173745f726567656e65726174657c693a313435383739343138333b666f72636f6d707574657c733a363a22617373657473223b),
('a0c272294d8c6b05d944efae440e12b766e9b39c', '168.120.247.74', 1458795243, 0x5f5f63695f6c6173745f726567656e65726174657c693a313435383739353233343b666f72636f6d707574657c733a363a22617373657473223b6c6f676765645f696e7c613a323a7b733a333a22756964223b693a3133313b733a383a22757365726e616d65223b733a333a22753135223b7d),
('a0cf85d9bd2a43496becdbf42f3ddc5115bff19f', '168.120.247.74', 1458786478, 0x5f5f63695f6c6173745f726567656e65726174657c693a313435383738363330343b666f72636f6d707574657c733a363a22617373657473223b),
('a617e693889b06c3b7dc58c9a0e34bad311aed54', '::1', 1458792411, 0x5f5f63695f6c6173745f726567656e65726174657c693a313435383739323132383b666f72636f6d707574657c733a363a22617373657473223b),
('a9a0c7682751a1a1ffaa80e6d4083e4e332f546b', '::1', 1458795527, 0x5f5f63695f6c6173745f726567656e65726174657c693a313435383739353232393b666f72636f6d707574657c733a363a22617373657473223b),
('ad55d38bf8b5d2553ea20a63f66b154777dc2feb', '::1', 1459155029, 0x5f5f63695f6c6173745f726567656e65726174657c693a313435393135343939353b666f72636f6d707574657c733a363a22617373657473223b),
('b2ee70639bfd07a5b60434ca6880762beee71fc3', '::1', 1458798350, 0x5f5f63695f6c6173745f726567656e65726174657c693a313435383739383137313b666f72636f6d707574657c733a363a22617373657473223b),
('b2fb9d34443b9fad6cadac4bb6873eb6cb24eb97', '168.120.247.74', 1458786847, 0x5f5f63695f6c6173745f726567656e65726174657c693a313435383738363633373b666f72636f6d707574657c733a363a22617373657473223b6c6f676765645f696e7c613a323a7b733a333a22756964223b733a333a22313239223b733a383a22757365726e616d65223b733a333a22753134223b7d),
('bede94887677e1d074e6e1d09c1a242e7c074646', '::1', 1458785591, 0x5f5f63695f6c6173745f726567656e65726174657c693a313435383738353239303b666f72636f6d707574657c733a363a22617373657473223b),
('c2ff8cc554c8d4c715251825666114c4b9b32701', '::1', 1458789246, 0x5f5f63695f6c6173745f726567656e65726174657c693a313435383738393234363b666f72636f6d707574657c733a363a22617373657473223b),
('d23d3e0624e62fe0e5dcd3b471fe9503ebbe3dcd', '::1', 1458788784, 0x5f5f63695f6c6173745f726567656e65726174657c693a313435383738383534353b666f72636f6d707574657c733a363a22617373657473223b),
('dbaf4af41328d128a895172107aad8244dd904af', '::1', 1458792669, 0x5f5f63695f6c6173745f726567656e65726174657c693a313435383739323436393b666f72636f6d707574657c733a363a22617373657473223b),
('e09369acb7faf8f7c65ab92a02fb424d5a16fc56', '::1', 1458800989, 0x5f5f63695f6c6173745f726567656e65726174657c693a313435383830303732303b666f72636f6d707574657c733a363a22617373657473223b6c6f676765645f696e7c613a323a7b733a333a22756964223b733a333a22313134223b733a383a22757365726e616d65223b733a323a227531223b7d),
('e8b3e31c89fc5cc9d5628d23d974d53c42d57a70', '::1', 1458793640, 0x5f5f63695f6c6173745f726567656e65726174657c693a313435383739333433333b666f72636f6d707574657c733a363a22617373657473223b),
('ed05ab7779fbdaeaa3c14bb4ffc7a5833480ad29', '::1', 1458793335, 0x5f5f63695f6c6173745f726567656e65726174657c693a313435383739333132343b666f72636f6d707574657c733a363a22617373657473223b),
('eeedff35577b44e2c779931c6bfae15efa2550f2', '168.120.247.74', 1458786278, 0x5f5f63695f6c6173745f726567656e65726174657c693a313435383738353939303b666f72636f6d707574657c733a363a22617373657473223b6c6f676765645f696e7c613a323a7b733a333a22756964223b733a333a22313239223b733a383a22757365726e616d65223b733a333a22753134223b7d),
('f9b5c757526da881c6f782adcaf360e744014e88', '::1', 1458795116, 0x5f5f63695f6c6173745f726567656e65726174657c693a313435383739343839313b666f72636f6d707574657c733a363a22617373657473223b);

-- --------------------------------------------------------

--
-- Table structure for table `dessert`
--

CREATE TABLE `dessert` (
  `did` int(11) NOT NULL,
  `dname` varchar(45) DEFAULT NULL,
  `dcategory` int(11) DEFAULT NULL,
  `dfruit` tinyint(1) DEFAULT NULL,
  `dchocolate` tinyint(1) DEFAULT NULL,
  `dcream` tinyint(1) DEFAULT NULL,
  `dcruchy` tinyint(1) DEFAULT NULL,
  `dsoft` tinyint(1) DEFAULT NULL
) ENGINE=InnoDB DEFAULT CHARSET=utf8;

--
-- Dumping data for table `dessert`
--

INSERT INTO `dessert` (`did`, `dname`, `dcategory`, `dfruit`, `dchocolate`, `dcream`, `dcruchy`, `dsoft`) VALUES
(1, 'Strawberry Short Cake', 1, 1, 0, 1, 0, 1),
(2, 'Blueberry cream cheese pie', 2, 1, 0, 0, 1, 1),
(3, 'Caramel Custard', 3, 0, 0, 0, 0, 1),
(4, 'Chocolate chip cookies', 4, 0, 1, 0, 1, 1),
(5, 'Egg Tart', 5, 0, 0, 1, 1, 1),
(6, 'Chocolate Sundae', 6, 0, 1, 1, 0, 1),
(7, 'Butter Milk Pancake', 7, 1, 0, 1, 0, 1),
(8, 'Macaron', 10, 0, 0, 0, 0, 1),
(9, 'Sweet Sticky Rice wirh Mango', 9, 1, 0, 0, 0, 1),
(10, 'Éclair', 8, 0, 0, 1, 0, 1),
(11, 'Crossiant', 8, 0, 0, 0, 0, 1),
(12, 'Chocolate and Banana Crepe', 7, 1, 1, 1, 0, 1);

-- --------------------------------------------------------

--
-- Table structure for table `dessert_categories`
--

CREATE TABLE `dessert_categories` (
  `dcdid` int(11) NOT NULL,
  `dccid` int(11) NOT NULL
) ENGINE=InnoDB DEFAULT CHARSET=utf8;

--
-- Dumping data for table `dessert_categories`
--

INSERT INTO `dessert_categories` (`dcdid`, `dccid`) VALUES
(1, 1),
(2, 2),
(3, 3),
(4, 4),
(5, 5),
(6, 6),
(7, 7),
(8, 10),
(9, 9),
(10, 8),
(11, 8),
(12, 7);

-- --------------------------------------------------------

--
-- Table structure for table `rating_cafe`
--

CREATE TABLE `rating_cafe` (
  `rateid` int(11) NOT NULL,
  `ratescore` int(11) DEFAULT NULL,
  `cid` int(11) NOT NULL,
  `uid` int(11) NOT NULL,
  `cosine` double NOT NULL,
  `colaborative` double NOT NULL,
  `linear` double NOT NULL
) ENGINE=InnoDB DEFAULT CHARSET=utf8;

--
-- Dumping data for table `rating_cafe`
--

INSERT INTO `rating_cafe` (`rateid`, `ratescore`, `cid`, `uid`, `cosine`, `colaborative`, `linear`) VALUES
(30, 4, 1, 48, 0, 0, 0),
(31, 4, 2, 48, 0, 0, 0),
(32, 4, 3, 48, 0, 0, 0),
(33, 3, 4, 48, 0, 0, 0),
(34, 3, 5, 48, 0, 0, 0),
(35, 2, 6, 48, 0, 0, 0),
(36, 3, 7, 48, 0, 0, 0),
(37, 5, 8, 48, 0, 0, 0),
(38, 4, 9, 48, 0, 0, 0),
(39, 2, 10, 48, 0, 0, 0),
(40, 5, 11, 48, 0, 0, 0),
(41, 3, 12, 48, 0, 0, 0),
(42, 5, 13, 48, 0, 0, 0),
(43, 4, 14, 48, 0, 0, 0),
(44, 5, 15, 48, 0, 0, 0),
(45, 2, 16, 48, 0, 0, 0),
(46, 3, 17, 48, 0, 0, 0),
(47, 2, 18, 48, 0, 0, 0),
(48, 1, 19, 48, 0, 0, 0),
(49, 3, 20, 48, 0, 0, 0),
(50, 4, 21, 48, 0, 0, 0),
(51, 3, 22, 48, 0, 0, 0),
(52, 5, 23, 48, 0, 0, 0),
(53, 3, 24, 48, 0, 0, 0),
(54, 2, 25, 48, 0, 0, 0),
(55, 4, 26, 48, 0, 0, 0),
(56, 2, 27, 48, 0, 0, 0),
(57, 3, 28, 48, 0, 0, 0),
(58, 2, 29, 48, 0, 0, 0),
(59, 2, 30, 48, 0, 0, 0),
(60, 3, 1, 50, 0, 0, 0),
(61, 3, 2, 50, 0, 0, 0),
(62, 4, 3, 50, 0, 0, 0),
(63, 4, 4, 50, 0, 0, 0),
(64, 4, 5, 50, 0, 0, 0),
(65, 4, 6, 50, 0, 0, 0),
(66, 3, 7, 50, 0, 0, 0),
(67, 4, 8, 50, 0, 0, 0),
(68, 4, 9, 50, 0, 0, 0),
(69, 4, 10, 50, 0, 0, 0),
(70, 4, 11, 50, 0, 0, 0),
(71, 3, 12, 50, 0, 0, 0),
(72, 3, 13, 50, 0, 0, 0),
(73, 3, 14, 50, 0, 0, 0),
(74, 4, 15, 50, 0, 0, 0),
(75, 4, 16, 50, 0, 0, 0),
(76, 4, 17, 50, 0, 0, 0),
(77, 4, 18, 50, 0, 0, 0),
(78, 3, 19, 50, 0, 0, 0),
(79, 3, 20, 50, 0, 0, 0),
(80, 3, 21, 50, 0, 0, 0),
(81, 4, 22, 50, 0, 0, 0),
(82, 4, 23, 50, 0, 0, 0),
(83, 4, 24, 50, 0, 0, 0),
(84, 3, 25, 50, 0, 0, 0),
(85, 3, 26, 50, 0, 0, 0),
(86, 3, 27, 50, 0, 0, 0),
(87, 3, 28, 50, 0, 0, 0),
(88, 3, 29, 50, 0, 0, 0),
(89, 3, 30, 50, 0, 0, 0),
(93, 5, 1, 51, 0, 0, 0),
(94, 5, 2, 51, 0, 0, 0),
(95, 5, 3, 51, 0, 0, 0),
(96, 5, 4, 51, 0, 0, 0),
(97, 5, 5, 51, 0, 0, 0),
(98, 5, 6, 51, 0, 0, 0),
(99, 4, 7, 51, 0, 0, 0),
(100, 5, 8, 51, 0, 0, 0),
(101, 4, 9, 51, 0, 0, 0),
(102, 5, 10, 51, 0, 0, 0),
(103, 5, 11, 51, 0, 0, 0),
(104, 5, 12, 51, 0, 0, 0),
(105, 5, 13, 51, 0, 0, 0),
(106, 5, 14, 51, 0, 0, 0),
(107, 5, 15, 51, 0, 0, 0),
(108, 4, 16, 51, 0, 0, 0),
(109, 5, 17, 51, 0, 0, 0),
(110, 5, 18, 51, 0, 0, 0),
(111, 5, 19, 51, 0, 0, 0),
(112, 5, 20, 51, 0, 0, 0),
(113, 5, 21, 51, 0, 0, 0),
(114, 5, 22, 51, 0, 0, 0),
(115, 5, 23, 51, 0, 0, 0),
(116, 5, 24, 51, 0, 0, 0),
(117, 5, 25, 51, 0, 0, 0),
(118, 5, 26, 51, 0, 0, 0),
(119, 5, 27, 51, 0, 0, 0),
(120, 5, 28, 51, 0, 0, 0),
(121, 5, 29, 51, 0, 0, 0),
(122, 5, 30, 51, 0, 0, 0),
(123, 3, 1, 53, 0, 0, 0),
(125, 3, 2, 53, 0, 0, 0),
(126, 3, 3, 53, 0, 0, 0),
(127, 3, 4, 53, 0, 0, 0),
(128, 3, 5, 53, 0, 0, 0),
(129, 3, 6, 53, 0, 0, 0),
(130, 4, 7, 53, 0, 0, 0),
(131, 4, 8, 53, 0, 0, 0),
(132, 4, 9, 53, 0, 0, 0),
(133, 5, 10, 53, 0, 0, 0),
(134, 4, 11, 53, 0, 0, 0),
(135, 4, 12, 53, 0, 0, 0),
(136, 4, 13, 53, 0, 0, 0),
(137, 4, 14, 53, 0, 0, 0),
(138, 3, 15, 53, 0, 0, 0),
(139, 3, 16, 53, 0, 0, 0),
(140, 4, 17, 53, 0, 0, 0),
(141, 3, 18, 53, 0, 0, 0),
(142, 4, 19, 53, 0, 0, 0),
(143, 3, 20, 53, 0, 0, 0),
(144, 4, 21, 53, 0, 0, 0),
(145, 4, 22, 53, 0, 0, 0),
(146, 3, 23, 53, 0, 0, 0),
(147, 3, 24, 53, 0, 0, 0),
(148, 4, 25, 53, 0, 0, 0),
(149, 4, 26, 53, 0, 0, 0),
(150, 4, 27, 53, 0, 0, 0),
(151, 3, 28, 53, 0, 0, 0),
(152, 3, 29, 53, 0, 0, 0),
(153, 4, 30, 53, 0, 0, 0),
(154, 5, 1, 56, 0, 0, 0),
(155, 5, 2, 56, 0, 0, 0),
(156, 5, 3, 56, 0, 0, 0),
(157, 5, 4, 56, 0, 0, 0),
(158, 5, 5, 56, 0, 0, 0),
(159, 5, 6, 56, 0, 0, 0),
(160, 5, 7, 56, 0, 0, 0),
(161, 5, 8, 56, 0, 0, 0),
(162, 5, 9, 56, 0, 0, 0),
(163, 5, 10, 56, 0, 0, 0),
(164, 5, 11, 56, 0, 0, 0),
(165, 5, 12, 56, 0, 0, 0),
(166, 5, 13, 56, 0, 0, 0),
(167, 5, 14, 56, 0, 0, 0),
(168, 5, 15, 56, 0, 0, 0),
(169, 5, 16, 56, 0, 0, 0),
(170, 5, 17, 56, 0, 0, 0),
(171, 5, 18, 56, 0, 0, 0),
(172, 5, 19, 56, 0, 0, 0),
(173, 5, 20, 56, 0, 0, 0),
(174, 5, 21, 56, 0, 0, 0),
(175, 5, 22, 56, 0, 0, 0),
(176, 5, 23, 56, 0, 0, 0),
(177, 5, 24, 56, 0, 0, 0),
(178, 5, 25, 56, 0, 0, 0),
(179, 5, 26, 56, 0, 0, 0),
(180, 5, 27, 56, 0, 0, 0),
(181, 5, 28, 56, 0, 0, 0),
(182, 5, 29, 56, 0, 0, 0),
(183, 5, 30, 56, 0, 0, 0),
(187, 4, 1, 61, 0, 0, 0),
(188, 4, 2, 61, 0, 0, 0),
(189, 5, 3, 61, 0, 0, 0),
(190, 2, 4, 61, 0, 0, 0),
(191, 1, 5, 61, 0, 0, 0),
(192, 3, 6, 61, 0, 0, 0),
(193, 4, 7, 61, 0, 0, 0),
(194, 5, 8, 61, 0, 0, 0),
(195, 5, 9, 61, 0, 0, 0),
(196, 3, 10, 61, 0, 0, 0),
(197, 4, 11, 61, 0, 0, 0),
(198, 2, 12, 61, 0, 0, 0),
(199, 2, 13, 61, 0, 0, 0),
(200, 1, 14, 61, 0, 0, 0),
(201, 5, 15, 61, 0, 0, 0),
(202, 4, 16, 61, 0, 0, 0),
(203, 4, 17, 61, 0, 0, 0),
(204, 3, 18, 61, 0, 0, 0),
(205, 4, 19, 61, 0, 0, 0),
(206, 3, 20, 61, 0, 0, 0),
(207, 3, 21, 61, 0, 0, 0),
(208, 3, 22, 61, 0, 0, 0),
(209, 5, 23, 61, 0, 0, 0),
(210, 5, 24, 61, 0, 0, 0),
(211, 4, 25, 61, 0, 0, 0),
(212, 5, 26, 61, 0, 0, 0),
(213, 3, 27, 61, 0, 0, 0),
(215, 4, 28, 61, 0, 0, 0),
(216, 4, 29, 61, 0, 0, 0),
(217, 4, 30, 61, 0, 0, 0),
(224, 4, 1, 75, 0, 0, 0),
(225, 5, 2, 75, 0, 0, 0),
(226, 2, 3, 75, 0, 0, 0),
(227, 5, 4, 75, 0, 0, 0),
(228, 3, 5, 75, 0, 0, 0),
(229, 1, 6, 75, 0, 0, 0),
(230, 5, 7, 75, 0, 0, 0),
(231, 4, 8, 75, 0, 0, 0),
(233, 3, 9, 75, 0, 0, 0),
(234, 2, 10, 75, 0, 0, 0),
(235, 5, 11, 75, 0, 0, 0),
(236, 4, 12, 75, 0, 0, 0),
(237, 5, 13, 75, 0, 0, 0),
(238, 2, 14, 75, 0, 0, 0),
(239, 4, 15, 75, 0, 0, 0),
(240, 5, 16, 75, 0, 0, 0),
(241, 4, 17, 75, 0, 0, 0),
(242, 4, 18, 75, 0, 0, 0),
(243, 4, 19, 75, 0, 0, 0),
(244, 3, 20, 75, 0, 0, 0),
(245, 3, 21, 75, 0, 0, 0),
(246, 5, 22, 75, 0, 0, 0),
(247, 5, 23, 75, 0, 0, 0),
(248, 5, 24, 75, 0, 0, 0),
(249, 3, 25, 75, 0, 0, 0),
(250, 5, 26, 75, 0, 0, 0),
(251, 4, 27, 75, 0, 0, 0),
(252, 3, 28, 75, 0, 0, 0),
(253, 4, 29, 75, 0, 0, 0),
(254, 2, 30, 75, 0, 0, 0),
(255, 5, 1, 76, 0, 0, 0),
(256, 5, 2, 76, 0, 0, 0),
(257, 3, 3, 76, 0, 0, 0),
(258, 3, 4, 76, 0, 0, 0),
(259, 4, 5, 76, 0, 0, 0),
(260, 2, 6, 76, 0, 0, 0),
(261, 4, 7, 76, 0, 0, 0),
(262, 3, 8, 76, 0, 0, 0),
(263, 5, 9, 76, 0, 0, 0),
(264, 3, 10, 76, 0, 0, 0),
(265, 4, 11, 76, 0, 0, 0),
(266, 4, 12, 76, 0, 0, 0),
(268, 4, 13, 76, 0, 0, 0),
(269, 3, 14, 76, 0, 0, 0),
(270, 3, 15, 76, 0, 0, 0),
(271, 4, 1, 77, 0, 0, 0),
(272, 3, 16, 76, 0, 0, 0),
(273, 5, 2, 77, 0, 0, 0),
(274, 2, 17, 76, 0, 0, 0),
(275, 5, 3, 77, 0, 0, 0),
(276, 3, 18, 76, 0, 0, 0),
(277, 4, 4, 77, 0, 0, 0),
(278, 5, 5, 77, 0, 0, 0),
(279, 3, 19, 76, 0, 0, 0),
(281, 1, 20, 76, 0, 0, 0),
(282, 5, 6, 77, 0, 0, 0),
(284, 5, 7, 77, 0, 0, 0),
(286, 4, 21, 76, 0, 0, 0),
(287, 3, 22, 76, 0, 0, 0),
(288, 5, 23, 76, 0, 0, 0),
(289, 4, 24, 76, 0, 0, 0),
(290, 4, 25, 76, 0, 0, 0),
(291, 2, 26, 76, 0, 0, 0),
(292, 3, 27, 76, 0, 0, 0),
(295, 3, 28, 76, 0, 0, 0),
(296, 3, 8, 77, 0, 0, 0),
(298, 1, 29, 76, 0, 0, 0),
(299, 4, 30, 76, 0, 0, 0),
(300, 4, 9, 77, 0, 0, 0),
(302, 3, 10, 77, 0, 0, 0),
(303, 4, 11, 77, 0, 0, 0),
(304, 3, 12, 77, 0, 0, 0),
(307, 4, 13, 77, 0, 0, 0),
(308, 1, 14, 77, 0, 0, 0),
(310, 4, 15, 77, 0, 0, 0),
(312, 5, 16, 77, 0, 0, 0),
(313, 5, 17, 77, 0, 0, 0),
(314, 1, 18, 77, 0, 0, 0),
(315, 4, 19, 77, 0, 0, 0),
(316, 4, 20, 77, 0, 0, 0),
(317, 5, 21, 77, 0, 0, 0),
(318, 5, 22, 77, 0, 0, 0),
(319, 5, 23, 77, 0, 0, 0),
(320, 5, 24, 77, 0, 0, 0),
(322, 5, 25, 77, 0, 0, 0),
(323, 5, 26, 77, 0, 0, 0),
(324, 5, 27, 77, 0, 0, 0),
(326, 4, 1, 78, 0, 0, 0),
(327, 5, 28, 77, 0, 0, 0),
(328, 3, 2, 78, 0, 0, 0),
(329, 4, 29, 77, 0, 0, 0),
(330, 4, 30, 77, 0, 0, 0),
(331, 3, 3, 78, 0, 0, 0),
(332, 5, 4, 78, 0, 0, 0),
(333, 5, 5, 78, 0, 0, 0),
(334, 4, 6, 78, 0, 0, 0),
(335, 3, 7, 78, 0, 0, 0),
(336, 4, 8, 78, 0, 0, 0),
(337, 5, 9, 78, 0, 0, 0),
(338, 5, 10, 78, 0, 0, 0),
(339, 4, 11, 78, 0, 0, 0),
(340, 4, 1, 80, 0, 0, 0),
(341, 4, 12, 78, 0, 0, 0),
(342, 5, 13, 78, 0, 0, 0),
(343, 2, 14, 78, 0, 0, 0),
(344, 5, 15, 78, 0, 0, 0),
(345, 5, 16, 78, 0, 0, 0),
(346, 5, 17, 78, 0, 0, 0),
(347, 4, 18, 78, 0, 0, 0),
(348, 4, 2, 80, 0, 0, 0),
(349, 5, 19, 78, 0, 0, 0),
(350, 3, 20, 78, 0, 0, 0),
(351, 3, 21, 78, 0, 0, 0),
(352, 3, 22, 78, 0, 0, 0),
(353, 4, 23, 78, 0, 0, 0),
(354, 3, 24, 78, 0, 0, 0),
(355, 5, 25, 78, 0, 0, 0),
(356, 4, 26, 78, 0, 0, 0),
(357, 5, 27, 78, 0, 0, 0),
(358, 4, 28, 78, 0, 0, 0),
(359, 4, 29, 78, 0, 0, 0),
(360, 3, 30, 78, 0, 0, 0),
(361, 4, 3, 80, 0, 0, 0),
(362, 4, 4, 80, 0, 0, 0),
(363, 4, 5, 80, 0, 0, 0),
(364, 4, 6, 80, 0, 0, 0),
(365, 4, 7, 80, 0, 0, 0),
(366, 4, 8, 80, 0, 0, 0),
(368, 4, 9, 80, 0, 0, 0),
(369, 4, 10, 80, 0, 0, 0),
(370, 4, 11, 80, 0, 0, 0),
(371, 4, 12, 80, 0, 0, 0),
(372, 4, 13, 80, 0, 0, 0),
(373, 4, 14, 80, 0, 0, 0),
(374, 4, 15, 80, 0, 0, 0),
(375, 4, 16, 80, 0, 0, 0),
(376, 4, 17, 80, 0, 0, 0),
(377, 4, 18, 80, 0, 0, 0),
(378, 4, 19, 80, 0, 0, 0),
(379, 3, 20, 80, 0, 0, 0),
(380, 4, 21, 80, 0, 0, 0),
(381, 4, 22, 80, 0, 0, 0),
(382, 4, 23, 80, 0, 0, 0),
(383, 4, 24, 80, 0, 0, 0),
(384, 4, 25, 80, 0, 0, 0),
(385, 4, 26, 80, 0, 0, 0),
(386, 4, 27, 80, 0, 0, 0),
(387, 3, 28, 80, 0, 0, 0),
(388, 4, 29, 80, 0, 0, 0),
(389, 4, 30, 80, 0, 0, 0),
(417, 5, 1, 82, 0, 0, 0),
(418, 4, 2, 82, 0, 0, 0),
(419, 4, 3, 82, 0, 0, 0),
(420, 5, 4, 82, 0, 0, 0),
(421, 4, 5, 82, 0, 0, 0),
(422, 3, 6, 82, 0, 0, 0),
(423, 3, 7, 82, 0, 0, 0),
(424, 4, 8, 82, 0, 0, 0),
(425, 3, 9, 82, 0, 0, 0),
(426, 3, 10, 82, 0, 0, 0),
(427, 4, 11, 82, 0, 0, 0),
(428, 5, 12, 82, 0, 0, 0),
(429, 4, 13, 82, 0, 0, 0),
(430, 5, 14, 82, 0, 0, 0),
(431, 4, 15, 82, 0, 0, 0),
(432, 5, 16, 82, 0, 0, 0),
(433, 3, 17, 82, 0, 0, 0),
(434, 3, 18, 82, 0, 0, 0),
(435, 3, 19, 82, 0, 0, 0),
(436, 3, 20, 82, 0, 0, 0),
(437, 4, 21, 82, 0, 0, 0),
(438, 3, 22, 82, 0, 0, 0),
(439, 5, 23, 82, 0, 0, 0),
(440, 3, 24, 82, 0, 0, 0),
(441, 3, 25, 82, 0, 0, 0),
(442, 3, 26, 82, 0, 0, 0),
(443, 4, 27, 82, 0, 0, 0),
(444, 3, 28, 82, 0, 0, 0),
(445, 3, 29, 82, 0, 0, 0),
(446, 4, 30, 82, 0, 0, 0),
(447, 5, 1, 84, 0, 0, 0),
(448, 3, 2, 84, 0, 0, 0),
(449, 3, 3, 84, 0, 0, 0),
(450, 4, 4, 84, 0, 0, 0),
(451, 4, 5, 84, 0, 0, 0),
(452, 3, 6, 84, 0, 0, 0),
(453, 3, 7, 84, 0, 0, 0),
(454, 3, 8, 84, 0, 0, 0),
(455, 5, 9, 84, 0, 0, 0),
(456, 3, 10, 84, 0, 0, 0),
(457, 5, 11, 84, 0, 0, 0),
(458, 3, 12, 84, 0, 0, 0),
(459, 4, 13, 84, 0, 0, 0),
(460, 4, 14, 84, 0, 0, 0),
(461, 3, 15, 84, 0, 0, 0),
(462, 3, 16, 84, 0, 0, 0),
(463, 4, 17, 84, 0, 0, 0),
(464, 3, 18, 84, 0, 0, 0),
(465, 3, 19, 84, 0, 0, 0),
(466, 4, 20, 84, 0, 0, 0),
(467, 4, 21, 84, 0, 0, 0),
(468, 4, 22, 84, 0, 0, 0),
(469, 5, 23, 84, 0, 0, 0),
(470, 4, 24, 84, 0, 0, 0),
(471, 3, 25, 84, 0, 0, 0),
(472, 3, 26, 84, 0, 0, 0),
(473, 3, 27, 84, 0, 0, 0),
(474, 4, 28, 84, 0, 0, 0),
(475, 4, 29, 84, 0, 0, 0),
(476, 4, 30, 84, 0, 0, 0),
(477, 5, 1, 86, 0, 0, 0),
(478, 5, 1, 85, 0, 0, 0),
(479, 5, 2, 86, 0, 0, 0),
(480, 5, 3, 86, 0, 0, 0),
(481, 3, 4, 86, 0, 0, 0),
(482, 4, 5, 86, 0, 0, 0),
(484, 4, 6, 86, 0, 0, 0),
(485, 5, 2, 85, 0, 0, 0),
(486, 4, 3, 85, 0, 0, 0),
(487, 5, 7, 86, 0, 0, 0),
(488, 3, 4, 85, 0, 0, 0),
(489, 4, 8, 86, 0, 0, 0),
(490, 1, 5, 85, 0, 0, 0),
(491, 5, 9, 86, 0, 0, 0),
(492, 3, 6, 85, 0, 0, 0),
(493, 4, 7, 85, 0, 0, 0),
(494, 5, 8, 85, 0, 0, 0),
(495, 3, 10, 86, 0, 0, 0),
(496, 4, 11, 86, 0, 0, 0),
(497, 4, 12, 86, 0, 0, 0),
(498, 4, 13, 86, 0, 0, 0),
(499, 4, 14, 86, 0, 0, 0),
(500, 3, 9, 85, 0, 0, 0),
(501, 2, 10, 85, 0, 0, 0),
(502, 4, 11, 85, 0, 0, 0),
(503, 1, 12, 85, 0, 0, 0),
(504, 5, 13, 85, 0, 0, 0),
(505, 3, 14, 85, 0, 0, 0),
(506, 4, 15, 85, 0, 0, 0),
(507, 2, 16, 85, 0, 0, 0),
(508, 3, 17, 85, 0, 0, 0),
(509, 3, 18, 85, 0, 0, 0),
(510, 5, 19, 85, 0, 0, 0),
(511, 3, 20, 85, 0, 0, 0),
(512, 4, 21, 85, 0, 0, 0),
(513, 2, 22, 85, 0, 0, 0),
(514, 5, 23, 85, 0, 0, 0),
(515, 3, 24, 85, 0, 0, 0),
(516, 2, 25, 85, 0, 0, 0),
(517, 4, 26, 85, 0, 0, 0),
(518, 3, 27, 85, 0, 0, 0),
(519, 2, 28, 85, 0, 0, 0),
(520, 4, 29, 85, 0, 0, 0),
(521, 5, 30, 85, 0, 0, 0),
(522, 1, 15, 86, 0, 0, 0),
(523, 3, 16, 86, 0, 0, 0),
(524, 2, 17, 86, 0, 0, 0),
(525, 3, 18, 86, 0, 0, 0),
(526, 4, 19, 86, 0, 0, 0),
(527, 1, 20, 86, 0, 0, 0),
(528, 5, 21, 86, 0, 0, 0),
(529, 1, 22, 86, 0, 0, 0),
(530, 2, 23, 86, 0, 0, 0),
(531, 3, 24, 86, 0, 0, 0),
(532, 4, 25, 86, 0, 0, 0),
(533, 2, 26, 86, 0, 0, 0),
(534, 2, 27, 86, 0, 0, 0),
(535, 4, 28, 86, 0, 0, 0),
(536, 2, 29, 86, 0, 0, 0),
(537, 5, 30, 86, 0, 0, 0),
(538, 3, 1, 87, 0, 0, 0),
(539, 5, 2, 87, 0, 0, 0),
(540, 3, 3, 87, 0, 0, 0),
(541, 4, 4, 87, 0, 0, 0),
(542, 5, 5, 87, 0, 0, 0),
(543, 4, 6, 87, 0, 0, 0),
(544, 4, 7, 87, 0, 0, 0),
(545, 4, 8, 87, 0, 0, 0),
(546, 4, 9, 87, 0, 0, 0),
(548, 5, 10, 87, 0, 0, 0),
(549, 5, 11, 87, 0, 0, 0),
(550, 5, 12, 87, 0, 0, 0),
(551, 5, 13, 87, 0, 0, 0),
(552, 5, 14, 87, 0, 0, 0),
(553, 5, 15, 87, 0, 0, 0),
(554, 5, 16, 87, 0, 0, 0),
(556, 5, 17, 87, 0, 0, 0),
(559, 5, 18, 87, 0, 0, 0),
(562, 5, 19, 87, 0, 0, 0),
(564, 5, 20, 87, 0, 0, 0),
(566, 5, 21, 87, 0, 0, 0),
(571, 5, 22, 87, 0, 0, 0),
(574, 5, 23, 87, 0, 0, 0),
(575, 5, 24, 87, 0, 0, 0),
(580, 5, 25, 87, 0, 0, 0),
(581, 5, 26, 87, 0, 0, 0),
(584, 5, 27, 87, 0, 0, 0),
(588, 5, 28, 87, 0, 0, 0),
(589, 5, 29, 87, 0, 0, 0),
(594, 5, 30, 87, 0, 0, 0),
(596, 1, 1, 89, 0, 0, 0),
(597, 2, 2, 89, 0, 0, 0),
(598, 3, 3, 89, 0, 0, 0),
(599, 5, 4, 89, 0, 0, 0),
(600, 2, 5, 89, 0, 0, 0),
(601, 4, 6, 89, 0, 0, 0),
(602, 4, 7, 89, 0, 0, 0),
(603, 1, 8, 89, 0, 0, 0),
(605, 5, 9, 89, 0, 0, 0),
(606, 2, 10, 89, 0, 0, 0),
(607, 4, 11, 89, 0, 0, 0),
(608, 5, 12, 89, 0, 0, 0),
(609, 1, 13, 89, 0, 0, 0),
(610, 4, 14, 89, 0, 0, 0),
(611, 5, 15, 89, 0, 0, 0),
(612, 5, 16, 89, 0, 0, 0),
(613, 2, 17, 89, 0, 0, 0),
(614, 4, 18, 89, 0, 0, 0),
(615, 2, 19, 89, 0, 0, 0),
(616, 4, 20, 89, 0, 0, 0),
(617, 5, 21, 89, 0, 0, 0),
(618, 1, 22, 89, 0, 0, 0),
(619, 1, 23, 89, 0, 0, 0),
(620, 3, 24, 89, 0, 0, 0),
(621, 4, 25, 89, 0, 0, 0),
(622, 5, 26, 89, 0, 0, 0),
(623, 4, 27, 89, 0, 0, 0),
(624, 2, 28, 89, 0, 0, 0),
(625, 5, 29, 89, 0, 0, 0),
(626, 4, 30, 89, 0, 0, 0),
(743, 4, 1, 114, 0, 0, 0),
(744, 1, 2, 114, 0, 0, 0),
(745, 2, 3, 114, 0, 0, 0),
(746, NULL, 4, 114, 0, 0, 0),
(747, NULL, 5, 114, 0, 0, 0),
(748, 3, 6, 114, 0, 0, 0),
(749, 3, 7, 114, 0, 0, 0),
(750, NULL, 8, 114, 0, 0, 0),
(751, 4, 9, 114, 0, 0, 0),
(752, 3, 10, 114, 0, 0, 0),
(753, 4, 11, 114, 0, 0, 0),
(754, NULL, 12, 114, 0, 0, 0),
(755, NULL, 13, 114, 0, 0, 0),
(756, NULL, 14, 114, 0, 0, 0),
(757, NULL, 15, 114, 0, 0, 0),
(758, NULL, 16, 114, 0, 0, 0),
(759, NULL, 17, 114, 0, 0, 0),
(760, NULL, 18, 114, 0, 0, 0),
(761, 1, 19, 114, 0, 0, 0),
(762, 3, 20, 114, 0, 0, 0),
(763, NULL, 21, 114, 0, 0, 0),
(764, NULL, 22, 114, 0, 0, 0),
(765, 4, 23, 114, 0, 0, 0),
(766, NULL, 24, 114, 0, 0, 0),
(767, NULL, 25, 114, 0, 0, 0),
(768, NULL, 26, 114, 0, 0, 0),
(769, NULL, 27, 114, 0, 0, 0),
(770, NULL, 28, 114, 0, 0, 0),
(771, NULL, 29, 114, 0, 0, 0),
(772, NULL, 30, 114, 0, 0, 0),
(774, NULL, 1, 115, 0, 0, 0),
(775, NULL, 2, 115, 0, 0, 0),
(776, NULL, 3, 115, 0, 0, 0),
(777, NULL, 4, 115, 0, 0, 0),
(778, NULL, 5, 115, 0, 0, 0),
(779, NULL, 6, 115, 0, 0, 0),
(780, NULL, 7, 115, 0, 0, 0),
(781, NULL, 8, 115, 0, 0, 0),
(782, NULL, 9, 115, 0, 0, 0),
(783, NULL, 10, 115, 0, 0, 0),
(784, 4, 11, 115, 0, 0, 0),
(785, 3, 12, 115, 0, 0, 0),
(786, 4, 13, 115, 0, 0, 0),
(787, 3, 14, 115, 0, 0, 0),
(788, 4, 15, 115, 0, 0, 0),
(789, 3, 16, 115, 0, 0, 0),
(790, 4, 17, 115, 0, 0, 0),
(791, 2, 18, 115, 0, 0, 0),
(792, NULL, 19, 115, 0, 0, 0),
(793, NULL, 20, 115, 0, 0, 0),
(794, 4, 21, 115, 0, 0, 0),
(795, NULL, 22, 115, 0, 0, 0),
(796, NULL, 23, 115, 0, 0, 0),
(797, 3, 24, 115, 0, 0, 0),
(798, NULL, 25, 115, 0, 0, 0),
(799, NULL, 26, 115, 0, 0, 0),
(800, NULL, 27, 115, 0, 0, 0),
(801, 3, 28, 115, 0, 0, 0),
(802, NULL, 29, 115, 0, 0, 0),
(803, NULL, 30, 115, 0, 0, 0),
(984, 4, 1, 122, 0, 0, 0),
(985, 5, 2, 122, 0, 0, 0),
(986, 4, 3, 122, 0, 0, 0),
(987, 4, 4, 122, 0, 0, 0),
(988, 4, 5, 122, 0, 0, 0),
(989, 4, 6, 122, 0, 0, 0),
(990, 5, 7, 122, 0, 0, 0),
(991, 5, 8, 122, 0, 0, 0),
(992, NULL, 9, 122, 0, 0, 0),
(993, NULL, 10, 122, 0, 0, 0),
(994, NULL, 11, 122, 0, 0, 0),
(995, NULL, 12, 122, 0, 0, 0),
(996, NULL, 13, 122, 0, 0, 0),
(997, NULL, 14, 122, 0, 0, 0),
(998, NULL, 15, 122, 0, 0, 0),
(999, NULL, 16, 122, 0, 0, 0),
(1000, NULL, 17, 122, 0, 0, 0),
(1001, NULL, 18, 122, 0, 0, 0),
(1002, NULL, 19, 122, 0, 0, 0),
(1003, NULL, 20, 122, 0, 0, 0),
(1004, NULL, 21, 122, 0, 0, 0),
(1005, NULL, 22, 122, 0, 0, 0),
(1006, NULL, 23, 122, 0, 0, 0),
(1007, NULL, 24, 122, 0, 0, 0),
(1008, NULL, 25, 122, 0, 0, 0),
(1009, NULL, 26, 122, 0, 0, 0),
(1010, NULL, 27, 122, 0, 0, 0),
(1011, NULL, 28, 122, 0, 0, 0),
(1012, NULL, 29, 122, 0, 0, 0),
(1013, NULL, 30, 122, 0, 0, 0),
(1134, 2, 1, 127, 0, 0, 0),
(1135, 2, 2, 127, 0, 0, 0),
(1136, 1, 3, 127, 0, 0, 0),
(1137, 1, 4, 127, 0, 0, 0),
(1138, 2, 5, 127, 0, 0, 0),
(1139, 3, 6, 127, 0, 0, 0),
(1140, 2, 7, 127, 0, 0, 0),
(1141, 2, 8, 127, 0, 0, 0),
(1142, NULL, 9, 127, 0, 0, 0),
(1143, NULL, 10, 127, 0, 0, 0),
(1144, NULL, 11, 127, 0, 0, 0),
(1145, NULL, 12, 127, 0, 0, 0),
(1146, NULL, 13, 127, 0, 0, 0),
(1147, NULL, 14, 127, 0, 0, 0),
(1148, NULL, 15, 127, 0, 0, 0),
(1149, NULL, 16, 127, 0, 0, 0),
(1150, NULL, 17, 127, 0, 0, 0),
(1151, NULL, 18, 127, 0, 0, 0),
(1152, NULL, 19, 127, 0, 0, 0),
(1153, NULL, 20, 127, 0, 0, 0),
(1154, NULL, 21, 127, 0, 0, 0),
(1155, NULL, 22, 127, 0, 0, 0),
(1156, NULL, 23, 127, 0, 0, 0),
(1157, NULL, 24, 127, 0, 0, 0),
(1158, NULL, 25, 127, 0, 0, 0),
(1159, NULL, 26, 127, 0, 0, 0),
(1160, NULL, 27, 127, 0, 0, 0),
(1161, NULL, 28, 127, 0, 0, 0),
(1162, NULL, 29, 127, 0, 0, 0),
(1163, NULL, 30, 127, 0, 0, 0),
(1164, 1, 1, 128, 0, 0, 0),
(1165, 1, 2, 128, 0, 0, 0),
(1166, 1, 3, 128, 0, 0, 0),
(1167, 1, 4, 128, 0, 0, 0),
(1168, 1, 5, 128, 0, 0, 0),
(1169, 1, 6, 128, 0, 0, 0),
(1170, 1, 7, 128, 0, 0, 0),
(1171, 1, 8, 128, 0, 0, 0),
(1172, NULL, 9, 128, 0, 0, 0),
(1173, NULL, 10, 128, 0, 0, 0),
(1174, NULL, 11, 128, 0, 0, 0),
(1175, NULL, 12, 128, 0, 0, 0),
(1176, NULL, 13, 128, 0, 0, 0),
(1177, NULL, 14, 128, 0, 0, 0),
(1178, NULL, 15, 128, 0, 0, 0),
(1179, NULL, 16, 128, 0, 0, 0),
(1180, NULL, 17, 128, 0, 0, 0),
(1181, 5, 18, 128, 0, 0, 0),
(1182, NULL, 19, 128, 0, 0, 0),
(1183, NULL, 20, 128, 0, 0, 0),
(1184, NULL, 21, 128, 0, 0, 0),
(1185, NULL, 22, 128, 0, 0, 0),
(1186, NULL, 23, 128, 0, 0, 0),
(1187, NULL, 24, 128, 0, 0, 0),
(1188, NULL, 25, 128, 0, 0, 0),
(1189, NULL, 26, 128, 0, 0, 0),
(1190, NULL, 27, 128, 0, 0, 0),
(1191, NULL, 28, 128, 0, 0, 0),
(1192, NULL, 29, 128, 0, 0, 0),
(1193, NULL, 30, 128, 0, 0, 0),
(1194, 5, 1, 129, 0, 0, 0),
(1195, 4, 2, 129, 0, 0, 0),
(1196, 5, 3, 129, 0, 0, 0),
(1197, 4, 4, 129, 0, 0, 0),
(1198, 5, 5, 129, 0, 0, 0),
(1199, 4, 6, 129, 0, 0, 0),
(1200, NULL, 7, 129, 0, 0, 0),
(1201, NULL, 8, 129, 0, 0, 0),
(1202, NULL, 9, 129, 0, 0, 0),
(1203, NULL, 10, 129, 0, 0, 0),
(1204, NULL, 11, 129, 0, 0, 0),
(1205, NULL, 12, 129, 0, 0, 0),
(1206, NULL, 13, 129, 0, 0, 0),
(1207, NULL, 14, 129, 0, 0, 0),
(1208, 2, 15, 129, 0, 0, 0),
(1209, NULL, 16, 129, 0, 0, 0),
(1210, NULL, 17, 129, 0, 0, 0),
(1211, NULL, 18, 129, 0, 0, 0),
(1212, 1, 19, 129, 0, 0, 0),
(1213, NULL, 20, 129, 0, 0, 0),
(1214, NULL, 21, 129, 0, 0, 0),
(1215, NULL, 22, 129, 0, 0, 0),
(1216, NULL, 23, 129, 0, 0, 0),
(1217, NULL, 24, 129, 0, 0, 0),
(1218, NULL, 25, 129, 0, 0, 0),
(1219, NULL, 26, 129, 0, 0, 0),
(1220, NULL, 27, 129, 0, 0, 0),
(1221, NULL, 28, 129, 0, 0, 0),
(1222, NULL, 29, 129, 0, 0, 0),
(1223, NULL, 30, 129, 0, 0, 0),
(1224, 2, 1, 130, 0, 0, 0),
(1225, 1, 2, 130, 0, 0, 0),
(1226, 2, 3, 130, 0, 0, 0),
(1227, 1, 4, 130, 0, 0, 0),
(1228, 1, 5, 130, 0, 0, 0),
(1229, 2, 6, 130, 0, 0, 0),
(1230, NULL, 7, 130, 0, 0, 0),
(1231, NULL, 8, 130, 0, 0, 0),
(1232, NULL, 9, 130, 0, 0, 0),
(1233, NULL, 10, 130, 0, 0, 0),
(1234, NULL, 11, 130, 0, 0, 0),
(1235, NULL, 12, 130, 0, 0, 0),
(1236, NULL, 13, 130, 0, 0, 0),
(1237, NULL, 14, 130, 0, 0, 0),
(1238, 5, 15, 130, 0, 0, 0),
(1239, NULL, 16, 130, 0, 0, 0),
(1240, NULL, 17, 130, 0, 0, 0),
(1241, NULL, 18, 130, 0, 0, 0),
(1242, 4, 19, 130, 0, 0, 0),
(1243, NULL, 20, 130, 0, 0, 0),
(1244, NULL, 21, 130, 0, 0, 0),
(1245, NULL, 22, 130, 0, 0, 0),
(1246, NULL, 23, 130, 0, 0, 0),
(1247, NULL, 24, 130, 0, 0, 0),
(1248, NULL, 25, 130, 0, 0, 0),
(1249, NULL, 26, 130, 0, 0, 0),
(1250, NULL, 27, 130, 0, 0, 0),
(1251, NULL, 28, 130, 0, 0, 0),
(1252, NULL, 29, 130, 0, 0, 0),
(1253, NULL, 30, 130, 0, 0, 0),
(1254, 4, 1, 131, 0, 0, 0),
(1255, 5, 2, 131, 0, 0, 0),
(1256, NULL, 3, 131, 0, 0, 0),
(1257, NULL, 4, 131, 0, 0, 0),
(1258, 4, 5, 131, 0, 0, 0),
(1259, NULL, 6, 131, 0, 0, 0),
(1260, 5, 7, 131, 0, 0, 0),
(1261, 3, 8, 131, 0, 0, 0),
(1262, NULL, 9, 131, 0, 0, 0),
(1263, 5, 10, 131, 0, 0, 0),
(1264, NULL, 11, 131, 0, 0, 0),
(1265, NULL, 12, 131, 0, 0, 0),
(1266, NULL, 13, 131, 0, 0, 0),
(1267, NULL, 14, 131, 0, 0, 0),
(1268, NULL, 15, 131, 0, 0, 0),
(1269, NULL, 16, 131, 0, 0, 0),
(1270, NULL, 17, 131, 0, 0, 0),
(1271, NULL, 18, 131, 0, 0, 0),
(1272, NULL, 19, 131, 0, 0, 0),
(1273, NULL, 20, 131, 0, 0, 0),
(1274, NULL, 21, 131, 0, 0, 0),
(1275, NULL, 22, 131, 0, 0, 0),
(1276, NULL, 23, 131, 0, 0, 0),
(1277, NULL, 24, 131, 0, 0, 0),
(1278, NULL, 25, 131, 0, 0, 0),
(1279, NULL, 26, 131, 0, 0, 0),
(1280, NULL, 27, 131, 0, 0, 0),
(1281, NULL, 28, 131, 0, 0, 0),
(1282, NULL, 29, 131, 0, 0, 0),
(1283, NULL, 30, 131, 0, 0, 0);

-- --------------------------------------------------------

--
-- Table structure for table `rating_dessert`
--

CREATE TABLE `rating_dessert` (
  `ratedid` int(11) NOT NULL,
  `ratedscore` varchar(45) DEFAULT NULL,
  `did` int(11) DEFAULT NULL,
  `uid` int(11) DEFAULT NULL
) ENGINE=InnoDB DEFAULT CHARSET=utf8;

-- --------------------------------------------------------

--
-- Table structure for table `users`
--

CREATE TABLE `users` (
  `uid` int(11) NOT NULL,
  `uname` varchar(45) DEFAULT NULL,
  `uemail` varchar(45) DEFAULT NULL,
  `upassword` varchar(45) DEFAULT NULL,
  `ubirthdate` varchar(45) DEFAULT NULL,
  `ugender` varchar(45) DEFAULT NULL,
  `uoccupation` varchar(45) DEFAULT NULL,
  `ubudget` varchar(45) DEFAULT NULL
) ENGINE=InnoDB DEFAULT CHARSET=utf8;

--
-- Dumping data for table `users`
--

INSERT INTO `users` (`uid`, `uname`, `uemail`, `upassword`, `ubirthdate`, `ugender`, `uoccupation`, `ubudget`) VALUES
(48, 'gubindai', 'gubindai@gmail.com', 'abcdefg', NULL, 'Male', NULL, '0'),
(50, 'roshan007191', 'roshan007191@gmail.com', '123456789', NULL, '', NULL, '0'),
(51, 'mike43173', 'mike43173@gmail.com', '43173mike', NULL, 'Male', NULL, '0'),
(53, 'P_msskpt', 'p_msskpt@hotmail.com', '2712539', NULL, 'Female', NULL, '0'),
(56, 'ktesakarn', 'ktesakarn@live.com', '45063406', NULL, 'Female', NULL, '0'),
(61, 'mind', 'nm.neko_mind@hotmail.com', 'nmneko', '1994-9-21', 'Female', NULL, '0'),
(75, 'yuki', 'yuki123@gmail.com', 'denarok', '1992-12-10', 'Male', NULL, '0'),
(76, 'Chiefking', 'tonz-chiefking@hotmail.com', 'buR3Ko5v', '1991-12-21', 'Male', NULL, '0'),
(77, 'mamijung', 'Cressendo80@gmail.com', 'jennyzaii80', '1991-11-28', 'Female', NULL, '0'),
(78, 'sawraymond', 'sawraymondhero@gmail.com', 'jagerv3', '1993-02-15', 'Male', NULL, '0'),
(80, 'Bexter', 'bazplaymh@hotmail.com', 'zero4to1', '1992-10-01', 'Male', NULL, '0'),
(82, 'ooathh', 'supakorn.oath@gmail.com', 'mairudi', '1994-03-10', 'Male', NULL, '0'),
(84, 'chtchiats', 'chtchi.ats@hotmail.com', '36778', '1987-06-25', 'Male', NULL, '0'),
(85, 'deepz', 'deepz01@windowslive.com', 'pardeep123', '1992-05-20', 'Male', NULL, '0'),
(86, 'mojinori', 'roccorynight@gmail.com', 'birdbird', '1992-11-20', 'Female', NULL, '0'),
(87, 'sosomekk', 'sosomekk@fef.com', '123456789', '1991-11-11', 'Male', NULL, '0'),
(89, 'nnot23', 'soso@hotgirl.com', '123456', '2011-11-11', 'Male', NULL, '0'),
(114, 'u1', 'u1@g.com', '1234', '2014-10-29', 'Male', NULL, '0'),
(115, 'u2', 'u2@g.com', '1234', '2009-08-25', 'Male', NULL, '0'),
(122, 'u8', 'u8@gmail.com', '1234', '2012-09-27', 'Male', NULL, '0'),
(127, 'u12', 'u12@gmail.com', '1234', '1981-11-29', 'Male', NULL, '0'),
(128, 'u13', 'u13@gmail.com', '1234', '1998-12-11', 'Male', NULL, '0'),
(129, 'u14', 'u14@gmail.com', '1234', '1995-11-13', 'Male', NULL, '0'),
(130, 'matchan1', 'matchan1@gmail.com', '1234', '1996-02-04', 'Male', NULL, '0'),
(131, 'u15', 'u15@gmail.com', '1234', '1992-02-21', 'Male', NULL, '0');

--
-- Indexes for dumped tables
--

--
-- Indexes for table `cafe`
--
ALTER TABLE `cafe`
  ADD PRIMARY KEY (`cid`);

--
-- Indexes for table `categories`
--
ALTER TABLE `categories`
  ADD PRIMARY KEY (`cateid`);

--
-- Indexes for table `ci_sessions`
--
ALTER TABLE `ci_sessions`
  ADD PRIMARY KEY (`id`),
  ADD KEY `ci_sessions_timestamp` (`timestamp`);

--
-- Indexes for table `dessert`
--
ALTER TABLE `dessert`
  ADD PRIMARY KEY (`did`),
  ADD KEY `dcategory` (`dcategory`);

--
-- Indexes for table `dessert_categories`
--
ALTER TABLE `dessert_categories`
  ADD KEY `dcdid` (`dcdid`),
  ADD KEY `dccid` (`dccid`);

--
-- Indexes for table `rating_cafe`
--
ALTER TABLE `rating_cafe`
  ADD PRIMARY KEY (`rateid`),
  ADD KEY `cid` (`cid`),
  ADD KEY `uid` (`uid`);

--
-- Indexes for table `rating_dessert`
--
ALTER TABLE `rating_dessert`
  ADD PRIMARY KEY (`ratedid`),
  ADD KEY `did` (`did`),
  ADD KEY `uid` (`uid`);

--
-- Indexes for table `users`
--
ALTER TABLE `users`
  ADD PRIMARY KEY (`uid`);

--
-- AUTO_INCREMENT for dumped tables
--

--
-- AUTO_INCREMENT for table `cafe`
--
ALTER TABLE `cafe`
  MODIFY `cid` int(11) NOT NULL AUTO_INCREMENT, AUTO_INCREMENT=31;
--
-- AUTO_INCREMENT for table `categories`
--
ALTER TABLE `categories`
  MODIFY `cateid` int(11) NOT NULL AUTO_INCREMENT, AUTO_INCREMENT=11;
--
-- AUTO_INCREMENT for table `dessert`
--
ALTER TABLE `dessert`
  MODIFY `did` int(11) NOT NULL AUTO_INCREMENT, AUTO_INCREMENT=13;
--
-- AUTO_INCREMENT for table `rating_cafe`
--
ALTER TABLE `rating_cafe`
  MODIFY `rateid` int(11) NOT NULL AUTO_INCREMENT, AUTO_INCREMENT=1284;
--
-- AUTO_INCREMENT for table `rating_dessert`
--
ALTER TABLE `rating_dessert`
  MODIFY `ratedid` int(11) NOT NULL AUTO_INCREMENT;
--
-- AUTO_INCREMENT for table `users`
--
ALTER TABLE `users`
  MODIFY `uid` int(11) NOT NULL AUTO_INCREMENT, AUTO_INCREMENT=132;
--
-- Constraints for dumped tables
--

--
-- Constraints for table `dessert`
--
ALTER TABLE `dessert`
  ADD CONSTRAINT `dessert_ibfk_1` FOREIGN KEY (`dcategory`) REFERENCES `categories` (`cateid`);

--
-- Constraints for table `dessert_categories`
--
ALTER TABLE `dessert_categories`
  ADD CONSTRAINT `dessert_categories_ibfk_1` FOREIGN KEY (`dcdid`) REFERENCES `dessert` (`did`),
  ADD CONSTRAINT `dessert_categories_ibfk_2` FOREIGN KEY (`dccid`) REFERENCES `categories` (`cateid`);

--
-- Constraints for table `rating_dessert`
--
ALTER TABLE `rating_dessert`
  ADD CONSTRAINT `rating_dessert_ibfk_1` FOREIGN KEY (`did`) REFERENCES `dessert` (`did`),
  ADD CONSTRAINT `rating_dessert_ibfk_2` FOREIGN KEY (`uid`) REFERENCES `users` (`uid`);

/*!40101 SET CHARACTER_SET_CLIENT=@OLD_CHARACTER_SET_CLIENT */;
/*!40101 SET CHARACTER_SET_RESULTS=@OLD_CHARACTER_SET_RESULTS */;
/*!40101 SET COLLATION_CONNECTION=@OLD_COLLATION_CONNECTION */;
